time,x,y
1,-1.22,1.71
2,-2.93,1.84
3,-4.03,2.25
4,-3.47,5.22
5,-0.54,5.55
6,-1.59,3.71
7,-0.76,1.94
8,-2.9,3.23
9,-0.81,0.85
10,-3.16,2.04
11,-2.82,0.7
12,-3.84,0.03
13,-4.39,2.34
14,-2.84,2.88
15,-5.09,2.2
16,-4.87,1.88
17,-5.75,4.42
18,-6.47,4.84
19,-4.65,1.88
20,-6.55,4.44
21,-6.99,4.91
22,-9.97,7.72
23,-7.14,6.92
24,-9.8,9.47
25,-7.11,9.36
26,-8.72,8.2
27,-10.66,10.1
28,-9.41,12.49
29,-8.53,11.81
30,-6.98,14.78
31,-5.62,14.3
32,-4.92,16.67
33,-6.27,16.35
34,-4.32,13.9
35,-4.2,16.03
36,-3.62,18.39
37,-1.33,20.35
38,-1.8,22.53
39,-2.91,20.68
40,-3.29,23.14
41,-6.1,22.82
42,-4.34,22.66
43,-3.42,25.04
44,-6.23,27.76
45,-4.75,25.95
46,-5.95,26.48
47,-5.18,28.81
48,-6.07,26.84
49,-3.56,29.46
50,-6.15,27.61
51,-8.89,28.55
52,-6.05,26.09
53,-6.5,23.98
54,-8.62,23.71
55,-11.31,25.33
56,-11.09,23.69
57,-12.86,26.05
58,-12.05,27.12
59,-12.83,25.23
60,-10.92,26.98
61,-8.27,24.25
62,-5.33,26.83
63,-4.73,24.14
64,-1.91,26.51
65,-2.03,23.54
66,-1.27,25.39
67,-0.87,26.53
68,-1.94,29.47
69,-4.16,27.08
70,-2.99,24.24
71,-3.18,26.3
72,-6.06,29.22
73,-5.09,32.22
74,-4.53,33.21
75,-5.29,35.19
76,-6.47,35.86
77,-7.92,37.99
78,-10.02,40.71
79,-7.29,38.09
80,-6.12,35.7
81,-8.74,34.53
82,-9.44,34.55
83,-11.44,32.22
84,-9.37,35.07
85,-12.1,35.92
86,-9.18,38.73
87,-6.27,36.39
88,-4.63,34.66
89,-6.86,34.26
90,-5.66,34.92
91,-7.55,37.08
92,-8.41,34.14
93,-9.51,32.19
94,-10.93,32.37
95,-9.13,30.3
96,-10.02,31.04
97,-9.47,29.39
98,-9.64,27.09
99,-12.53,25.2
100,-11.43,26.29
101,-13.59,24.91
102,-11.97,23.59
103,-9.42,22.29
104,-11.15,20.73
105,-9.98,18.38
106,-10.94,16.35
107,-10.89,17.62
108,-10.29,14.92
109,-10.07,12.62
110,-12.66,14.83
111,-15.25,15.43
112,-15.09,17.64
113,-13.87,16.61
114,-13.94,15.43
115,-13.67,17.07
116,-10.88,17.61
117,-10.31,16.38
118,-7.93,16.27
119,-8.17,17.46
120,-5.8,16.38
121,-6.4,16.88
122,-6.06,15.01
123,-4.67,12.86
124,-2.04,11.65
125,-1.07,8.74
126,-3.73,7.05
127,-3.55,5.18
128,-2.59,7.83
129,-0.93,7.44
130,1.48,4.45
131,3.4,4.36
132,1.57,7.21
133,-1.26,7.04
134,-4.12,9.7
135,-4.65,11.75
136,-2.15,14.71
137,-1.53,15.57
138,-3.31,17.87
139,-1.74,16.81
140,-3.42,16.81
141,-3.48,17.62
142,-4.45,15.23
143,-3.67,15.73
144,-3.16,17.57
145,-3.11,14.76
146,-2.39,15.72
147,-3.7,15.64
148,-2.97,16.75
149,-0.08,19.73
150,-1.22,18.3
151,-1.27,17.94
152,-0.01,16.36
153,-1.69,17.25
154,-3.61,17.17
155,-0.75,14.65
156,0.72,16.55
157,0.89,15.03
158,0.87,13.7
159,-0.36,12.25
160,-1.75,14.47
161,-4.02,13.06
162,-2.08,14.94
163,-3.11,17.12
164,-2.89,17.33
165,-4.61,18.73
166,-3.84,16.66
167,-3.37,17.75
168,-2.2,16.13
169,-0.54,19.07
170,-3.3,19.4
171,-2.4,20.57
172,0.47,19.51
173,-0.61,20.3
174,-2.35,19.6
175,-0.44,20.75
176,-3.06,21.31
177,-2.84,21.41
178,-5.04,22.79
179,-6.18,23.63
180,-9.14,21.44
181,-11.7,21.09
182,-11.65,22.73
183,-8.93,20.3
184,-6.52,21.51
185,-3.85,24.29
186,-1.33,24.57
187,0.73,24.91
188,-2.09,22.62
189,-2.08,20.1
190,-4.11,18.32
191,-5.85,16.44
192,-8.1,15.38
193,-6.09,12.99
194,-7.29,15.71
195,-9.29,18.51
196,-9.58,15.88
197,-8.47,18.4
198,-7.59,21.37
199,-4.94,20.89
200,-2.28,21.2
201,-4.01,21.07
202,-2.35,22.65
203,-3.96,20.63
204,-0.98,17.85
205,1.79,17.38
206,4.29,15.26
207,5.04,18.1
208,7.75,19.82
209,9.9,17.88
210,9.45,16.5
211,10.73,17.98
212,13.49,20.55
213,13.43,20.59
214,11.29,19.29
215,9.65,19.45
216,10.92,22.02
217,13.87,20.3
218,13.23,19.78
219,11.15,19.75
220,8.46,19.43
221,9.37,20.24
222,6.73,19.93
223,4.62,21.95
224,6.29,23.71
225,3.48,26.58
226,4.99,28.52
227,6.33,29.77
228,8.67,31.86
229,9.52,29.77
230,8.16,31.67
231,8.11,31.91
232,9.18,29.49
233,6.99,31.87
234,9.63,29.89
235,8.23,28.15
236,8.87,30.21
237,7.01,32.62
238,6.63,31.77
239,5.92,31.41
240,3.81,31.88
241,4.65,33.71
242,2.52,30.76
243,5.07,32.26
244,4.95,34.89
245,2.16,36.27
246,2.79,37.08
247,3.23,36.1
248,2.28,34.09
249,2.1,33.82
250,4.02,35.66
251,6.03,38.36
252,5.27,40.33
253,3.31,41.08
254,1.7,43.76
255,-0.89,43.62
256,-2.54,45.27
257,-4.4,43.23
258,-4.67,44.86
259,-7.67,47.41
260,-9.37,50
261,-7.78,50
262,-10.68,48.29
263,-8.05,49.49
264,-5.19,48.25
265,-8.1,50
266,-5.33,50
267,-5.45,50
268,-3.07,50
269,-0.83,49.01
270,-0.1,49.66
271,2.48,50
272,2.61,50
273,1.5,49.56
274,1.73,50
275,1.76,50
276,-0.18,48.37
277,-2.84,50
278,-5.28,50
279,-3.46,50
280,-1.31,50
281,-0.94,48.58
282,-3.88,50
283,-4.0,50
284,-5.59,48.57
285,-2.67,47.72
286,0.01,46.51
287,-0.6,43.63
288,2.04,41.84
289,1.45,41.82
290,2.69,42.82
291,4.31,44.76
292,2.76,42.76
293,-0.19,42.09
294,1.79,43.16
295,0.63,45.46
296,1.28,42.94
297,0.1,40.83
298,-2.4,38.34
299,-1.97,36.19
300,-3.84,35.77
301,-5.59,36.63
302,-4.91,37.52
303,-3.21,34.53
304,-0.67,32.17
305,-1.14,33.64
306,-0.12,36.17
307,-1.2,33.18
308,1.66,34.16
309,3.06,32.39
310,5.56,30.72
311,7.19,27.88
312,6.41,28.49
313,5.88,28.73
314,3.22,31.53
315,3.22,30.04
316,1.57,29.44
317,3.66,28.16
318,5.06,27.84
319,7.48,27.05
320,7.0,24.59
321,7.08,22.5
322,7.92,21.03
323,7.79,22.41
324,9.76,21.85
325,9.92,24.56
326,7.59,27.19
327,8.87,25.93
328,7.54,25.77
329,10.53,24.87
330,7.75,23.85
331,10.12,22.35
332,12.23,22.37
333,9.86,21.88
334,12.11,23.15
335,9.13,20.84
336,10.67,21.81
337,8.34,24.28
338,8.33,26.0
339,5.73,27.87
340,4.91,28.74
341,7.58,26.66
342,6.72,25.9
343,5.02,27.86
344,4.69,25.72
345,6.34,26.32
346,7.48,28.38
347,8.08,27.14
348,6.81,25.5
349,5.17,27.88
350,4.5,27.4
351,3.45,28.13
352,1.69,30.29
353,2.08,31.34
354,2.18,29.75
355,-0.07,29.5
356,-0.02,28.26
357,2.98,25.27
358,4.94,23.91
359,5.61,22.63
360,3.57,22.03
361,5.16,21.64
362,2.32,24.25
363,4.36,26.09
364,6.17,28.6
365,3.21,29.34
366,1.02,31.7
367,0.29,33.58
368,0.87,36.27
369,3.61,34.5
370,5.54,32.48
371,3.8,35.38
372,5.3,33.13
373,4.12,32.59
374,1.29,31.32
375,1.07,29.59
376,-1.42,27.86
377,-2.33,30.14
378,-2.39,29.96
379,-2.76,31.19
380,-1.5,31.36
381,0.44,28.51
382,2.68,26.88
383,3.5,26.11
384,1.95,23.87
385,3.39,21.04
386,1.05,18.25
387,-1.41,18.96
388,-2.15,21.65
389,-4.78,24.49
390,-6.55,24.97
391,-5.1,26.31
392,-2.57,24.28
393,-5.22,27.09
394,-6.72,25.86
395,-6.29,27.66
396,-3.46,25.26
397,-5.89,27.53
398,-7.18,25.3
399,-7.52,23.03
400,-9.69,24.15
401,-10.05,24.92
402,-10.94,26.39
403,-8.47,24.04
404,-5.99,25.07
405,-7.65,25.11
406,-5.38,24.42
407,-5.23,21.85
408,-7.59,22.11
409,-5.52,20.81
410,-7.73,21.15
411,-9.74,19.0
412,-11.72,18.22
413,-14.49,20.99
414,-13.13,20.78
415,-12.18,23.53
416,-12.63,24.97
417,-9.68,23.28
418,-8.53,24.53
419,-7.16,27.52
420,-8.77,28.77
421,-10.05,28.28
422,-8.6,29.44
423,-7.03,27.12
424,-5.48,28.48
425,-5.15,30.26
426,-2.77,27.69
427,-3.9,29.33
428,-6.72,31.86
429,-4.52,34.14
430,-4.1,36.86
431,-1.54,37.1
432,-2.91,38.54
433,-3.99,35.96
434,-3.87,36.65
435,-6.01,36.64
436,-8.74,36.67
437,-8.83,34.1
438,-7.69,35.52
439,-5.76,35.52
440,-3.54,36.47
441,-6.43,39.14
442,-4.91,40.85
443,-2.28,38.14
444,-4.88,38.68
445,-3.99,36.56
446,-4.05,39.08
447,-4.27,40.87
448,-1.89,39.58
449,-4.63,39.96
450,-3.31,38.12
451,-3.02,38.29
452,-0.12,37.1
453,-0.21,40.03
454,1.49,39.97
455,-0.28,38.65
456,0.59,41.1
457,-2.21,42.08
458,0.03,41.81
459,-1.6,40.47
460,0.74,40.96
461,3.68,38.61
462,4.4,37.47
463,4.54,37.97
464,2.07,35.29
465,4.12,37.91
466,5.67,36.09
467,5.27,37.43
468,3.07,34.92
469,1.45,34.86
470,0.18,34.64
471,0.37,32.46
472,1.89,32.55
473,0.33,32.82
474,2.26,35.59
475,5.08,36.61
476,7.48,37.66
477,7.95,36.39
478,6.56,36.9
479,5.57,38.23
480,4.55,37.59
481,6.47,35.72
482,4.17,35.74
483,2.62,35.03
484,0.38,34.37
485,3.16,34.81
486,0.19,35.85
487,0.23,33.8
488,-1.37,32.18
489,-1.84,33.55
490,-0.4,32.65
491,1.74,32.97
492,3.78,30.96
493,4.87,30.34
494,7.2,29.8
495,4.99,31.76
496,5.37,32.02
497,2.5,34.22
498,2.57,32.74
499,0.62,35.29
500,0.79,37.44
501,0.91,40.37
502,-0.83,37.53
503,-1.7,39.57
504,-2.72,39.28
505,-0.16,37.04
506,1.96,37.2
507,3.95,36.42
508,4.01,35.06
509,1.51,37.77
510,3.79,39.62
511,3.33,39.96
512,1.68,39.19
513,3.78,39.58
514,2.34,40.6
515,5.19,40.05
516,3.52,40.16
517,1.04,39.53
518,3.43,38.41
519,2.32,39.36
520,4.4,40.1
521,5.25,39.97
522,6.82,41.53
523,6.92,39.91
524,3.94,41.51
525,1.95,39.83
526,3.49,39.35
527,5.2,37.6
528,2.69,39.67
529,2.27,40.46
530,3.7,41.0
531,2.19,39.41
532,4.02,39.92
533,1.24,40.83
534,2.11,42.43
535,1.8,42.14
536,1.73,43.25
537,1.45,43.61
538,1.95,41.95
539,0.1,40.09
540,3.08,42.21
541,2.31,39.41
542,3.3,40.9
543,3.9,40.75
544,4.11,40.78
545,3.36,41.01
546,1.26,39.18
547,0.54,38.02
548,1.76,35.32
549,4.7,37.24
550,7.61,35.12
551,5.8,36.16
552,3.21,39.05
553,5.49,36.47
554,6.4,37.38
555,9.34,37.36
556,7.39,34.96
557,7.59,32.95
558,6.79,30.82
559,6.51,31.93
560,6.88,29.89
561,5.49,30.44
562,7.41,31.08
563,10.23,33.26
564,11.81,30.97
565,12.45,30.85
566,15.12,31.88
567,14.22,34.7
568,14.5,33.99
569,14.94,35.0
570,17.03,33.12
571,14.93,34.75
572,16.21,35.96
573,17.12,38.56
574,19.28,37.93
575,16.95,39.87
576,19.23,42.0
577,16.74,39.63
578,16.43,37.44
579,18.0,39.99
580,18.8,39.57
581,19.64,38.1
582,17.58,39.61
583,19.29,41.27
584,19.99,43.42
585,19.7,44.6
586,21.97,44.22
587,22.02,44.8
588,22.06,47.7
589,20.32,45.16
590,21.33,44.47
591,22.14,46.31
592,24.66,45.82
593,22.04,44.17
594,23.4,45.15
595,20.95,42.77
596,23.25,44.49
597,24.48,42.8
598,25.82,41.21
599,26.37,38.79
600,23.57,40.89
601,21.41,42.52
602,22.0,42.1
603,20.61,40.66
604,23.4,41.4
605,22.99,42.67
606,22.46,44.8
607,25.3,47.48
608,23.8,48.05
609,21.38,49.82
610,24.29,50
611,22.56,50
612,24.85,50
613,27.77,50
614,29.79,50
615,29.52,50
616,30,47.72
617,30,46.03
618,27.93,45.02
619,30,43.92
620,28.36,44.5
621,29.59,47.08
622,27.07,44.68
623,27.66,45.32
624,27.39,42.36
625,26.7,42.84
626,28.98,40.53
627,26.23,38.19
628,26.48,36.03
629,28.17,34.71
630,26.39,35.33
631,28.12,37.68
632,26.56,37.94
633,26.18,39.51
634,26.3,39.71
635,24.66,36.96
636,25.13,37.69
637,22.42,38.41
638,25.39,40.12
639,24.29,37.7
640,26.89,37.7
641,25.91,40.46
642,23.9,42.74
643,25.11,41.93
644,22.95,42.25
645,22.98,43.49
646,22.18,46.24
647,23.42,46.28
648,24.5,46.95
649,24.01,45.86
650,26.13,43.73
651,26.54,45.93
652,28.11,47.51
653,27.71,48.85
654,30,45.9
655,30,46.07
656,30,44.31
657,30,41.39
658,30,42.42
659,30,39.64
660,30,41.31
661,30,41.43
662,30,41.56
663,30,44.18
664,30,44.54
665,30,44.66
666,30,47.65
667,27.14,47.6
668,24.49,46.15
669,22.15,48.15
670,24.72,46.91
671,24.96,45.92
672,23.22,48.53
673,23.42,46.8
674,22.87,48.89
675,21.7,50
676,23.81,49.82
677,21.05,48.43
678,21.25,49.33
679,23.06,50
680,24.36,50
681,24.37,49.83
682,22.15,50
683,20.07,50
684,22.74,48.71
685,20.87,47.51
686,22.51,48.51
687,24.72,50
688,25.37,48.9
689,22.98,48.1
690,24.22,45.75
691,23.22,42.79
692,24.33,39.85
693,21.37,39.98
694,19.16,41.9
695,20.62,40.53
696,18.3,42.1
697,15.4,40.34
698,17.46,42.65
699,19.14,40.14
700,17.25,39.49
701,18.28,40.71
702,16.36,39.07
703,19.15,40.77
704,18.57,38.96
705,18.53,41.52
706,19.94,40.27
707,20.11,38.31
708,18.0,35.74
709,17.18,38.69
710,15.03,40.89
711,12.92,40.64
712,15.11,40.14
713,16.36,38.43
714,15.99,40.64
715,18.2,39.02
716,16.01,36.3
717,13.67,35.46
718,15.37,36.05
719,18.17,36.67
720,21.11,36.66
721,21.42,39.34
722,23.51,38.85
723,26.03,36.84
724,24.29,37.61
725,21.47,38.95
726,23.56,41.32
727,22.34,43.99
728,20.89,44.83
729,20.0,47.63
730,21.17,47.4
731,18.55,49.08
732,18.47,50
733,16.18,50
734,19.03,50
735,20.87,49.1
736,20.28,47.84
737,22.47,44.86
738,24.35,47.75
739,23.01,46.6
740,24.76,49.46
741,24.13,50
742,24.9,50
743,23.96,47.17
744,21.22,50
745,19.05,50
746,17.95,47.1
747,18.98,49.96
748,19.76,50
749,17.97,47.19
750,17.09,47.54
751,14.14,48.6
752,13.01,47.54
753,15.01,49.4
754,16.79,50
755,17.59,50
756,15.9,49.54
757,16.36,47.48
758,16.85,50
759,17.55,50
760,17.19,50
761,17.92,50
762,17.61,50
763,16.09,50
764,15.58,50
765,15.48,50
766,16.56,47.15
767,17.29,47.64
768,16.93,47.87
769,17.85,46.66
770,17.37,45.14
771,14.55,46.37
772,16.31,46.61
773,18.02,49.17
774,16.53,49.72
775,18.22,49.38
776,21.1,47.4
777,21.35,44.85
778,19.04,43.55
779,16.32,42.76
780,18.48,40.46
781,17.99,41.62
782,20.14,39.15
783,17.37,36.15
784,16.86,34.65
785,17.18,36.89
786,16.69,35.69
787,18.86,36.98
788,20.59,39.78
789,19.24,37.81
790,21.75,40.58
791,23.66,40.6
792,26.56,37.86
793,28.4,39.98
794,28.85,37.92
795,30,38.76
796,28.68,38.7
797,28.94,37.45
798,26.7,34.45
799,26.22,35.07
800,24.85,35.25
801,26.15,37.07
802,24.05,34.37
803,22.35,36.59
804,20.26,36.26
805,21.47,35.45
806,23.28,35.63
807,22.51,36.15
808,20.32,37.92
809,17.93,38.02
810,19.71,36.36
811,21.92,36.86
812,20.42,39.0
813,17.81,40.76
814,17.95,41.63
815,18.38,41.05
816,15.95,42.87
817,16.81,41.66
818,19.31,39.19
819,17.38,40.71
820,18.61,39.75
821,20.26,42.11
822,22.72,39.38
823,25.63,40.23
824,25.92,39.91
825,24.83,40.73
826,27.63,37.83
827,27.99,38.6
828,27.49,41.06
829,29.83,38.98
830,29.69,41.91
831,30,44.33
832,27.34,44.11
833,27.38,43.11
834,28.99,40.54
835,30,43.4
836,27.82,44.71
837,27.36,43.32
838,30,45.54
839,30,46.46
840,28.78,47.14
841,25.94,46.96
842,24.91,44.45
843,24.28,47.0
844,27.26,48.48
845,24.65,46.0
846,24.14,48.92
847,25.71,50
848,24.22,50
849,26.92,50
850,28.19,50
851,27.05,50
852,24.52,47.36
853,23.08,47.64
854,22.18,49.68
855,23.97,50
856,24.98,50
857,24.0,49.08
858,22.44,46.97
859,20.56,47.7
860,20.26,48.86
861,20.8,46.22
862,23.36,48.82
863,21.02,47.72
864,18.07,47.08
865,16.28,44.33
866,17.51,46.82
867,14.71,45.58
868,15.28,47.45
869,12.7,45.74
870,10.34,48.45
871,9.83,48.96
872,10.79,49.8
873,11.71,48.49
874,11.29,48.03
875,12.83,48.16
876,15.21,47.27
877,14.67,47.57
878,15.21,46.06
879,15.09,45.98
880,12.9,46.89
881,14.06,44.39
882,14.6,46.37
883,13.55,45.73
884,16.08,44.8
885,18.95,45.73
886,18.08,42.85
887,16.52,45.49
888,14.0,47.38
889,15.15,45.62
890,17.86,47.46
891,17.89,50
892,15.37,50
893,13.05,48.12
894,14.36,48.27
895,12.44,45.29
896,10.09,46.67
897,10.3,46.53
898,8.04,46.34
899,5.88,44.56
900,5.61,47.23
901,5.15,48.99
902,7.38,48.85
903,10.08,50
904,12.93,49.6
905,11.64,48.02
906,9.22,47.58
907,12.21,46.13
908,14.11,43.15
909,15.37,44.91
910,16.91,45.68
911,17.37,43.87
912,14.49,42.65
913,14.34,42.79
914,11.59,44.89
915,14.23,44.72
916,13.01,42.03
917,14.86,39.35
918,14.37,39.39
919,17.03,40.7
920,14.96,41.2
921,14.86,40.31
922,13.32,38.51
923,15.18,39.13
924,14.24,41.45
925,15.92,39.8
926,14.55,39.25
927,15.63,40.44
928,14.58,37.87
929,12.77,37.63
930,13.01,38.56
931,12.2,40.79
932,14.92,41.99
933,17.9,39.97
934,18.74,41.88
935,20.03,43.68
936,18.61,43.06
937,17.58,41.39
938,15.57,43.79
939,17.45,41.01
940,17.89,43.23
941,18.57,42.9
942,20.15,42.53
943,17.36,45.5
944,18.19,45.25
945,17.71,45.94
946,18.41,46.97
947,15.85,44.24
948,15.32,43.99
949,18.32,42.53
950,18.99,41.75
951,21.26,39.4
952,23.62,39.1
953,23.21,41.12
954,25.98,41.93
955,24.26,39.26
956,22.36,37.23
957,20.79,35.14
958,20.44,38.1
959,21.38,37.32
960,20.49,35.37
961,19.72,35.11
962,18.33,33.04
963,21.12,30.26
964,23.48,29.45
965,21.89,30.95
966,22.23,32.71
967,22.82,33.69
968,21.09,32.71
969,20.17,32.13
970,20.6,30.68
971,21.16,32.18
972,19.48,31.64
973,20.37,33.86
974,22.99,35.41
975,20.66,33.3
976,21.37,31.44
977,20.22,31.84
978,22.29,33.17
979,21.44,31.21
980,22.32,28.51
981,24.93,30.31
982,23.19,28.94
983,21.45,31.48
984,23.08,31.56
985,23.86,29.29
986,23.42,28.67
987,20.63,31.43
988,22.02,29.87
989,24.31,31.82
990,21.88,30.9
991,22.42,32.2
992,25.02,29.22
993,26.29,26.52
994,27.92,26.47
995,25.61,23.56
996,26.19,23.94
997,24.34,26.87
998,23.81,24.77
999,22.73,25.69
1000,21.4,26.03
1001,19.24,27.74
1002,16.44,28.76
1003,17.27,26.28
1004,16.51,25.12
1005,19.21,26.71
1006,21.73,25.86
1007,19.18,27.53
1008,20.95,25.33
1009,18.36,23.27
1010,18.62,24.67
1011,19.89,25.34
1012,21.04,25.11
1013,22.78,25.07
1014,19.8,22.97
1015,18.56,22.79
1016,17.28,22.91
1017,16.97,24.94
1018,15.14,26.85
1019,13.39,26.66
1020,12.59,25.76
1021,10.01,25.22
1022,12.37,23.24
1023,14.55,23.98
1024,14.57,25.56
1025,14.36,27.89
1026,15.49,25.88
1027,16.65,25.4
1028,15.18,26.86
1029,15.99,28.76
1030,18.25,28.04
1031,18.87,28.12
1032,20.61,25.49
1033,22.28,27.24
1034,19.5,26.17
1035,21.47,28.41
1036,19.76,28.7
1037,18.68,27.28
1038,20.97,26.84
1039,18.33,27.69
1040,16.61,27.55
1041,17.91,27.64
1042,20.4,26.24
1043,20.17,26.59
1044,22.82,28.01
1045,21.9,29.73
1046,20.34,32.15
1047,18.31,30.11
1048,16.05,27.54
1049,13.91,27.35
1050,11.54,25.66
1051,8.86,23.21
1052,7.77,24.86
1053,9.68,23.66
1054,11.85,24.29
1055,14.55,27.16
1056,12.98,27.62
1057,13.98,29.91
1058,12.64,30.09
1059,10.6,30.72
1060,9.81,33.31
1061,7.74,32.22
1062,8.8,33.57
1063,8.58,32.15
1064,6.37,29.15
1065,8.85,27.53
1066,7.76,29.43
1067,5.94,26.48
1068,6.28,24.15
1069,7.47,25.24
1070,4.55,24.99
1071,2.45,22.51
1072,2.56,24.97
1073,2.91,23.34
1074,1.11,24.38
1075,2.18,21.46
1076,-0.08,24.21
1077,1.24,21.59
1078,4.06,22.77
1079,6.5,25.72
1080,8.23,27.66
1081,6.13,29.28
1082,8.78,28.19
1083,11.11,26.93
1084,11.12,24.52
1085,9.06,22.44
1086,7.35,20.3
1087,6.87,18.98
1088,5.64,17.48
1089,4.06,16.81
1090,1.74,14.68
1091,0.19,14.02
1092,2.88,11.27
1093,2.96,12.62
1094,5.26,10.1
1095,3.21,8.72
1096,2.37,11.45
1097,0.1,9.26
1098,1.86,7.73
1099,1.09,7.41
1100,-1.85,5.23
1101,0.12,5.02
1102,2.42,3.57
1103,4.57,2.41
1104,6.49,1.09
1105,7.66,-0.91
1106,8.78,-2.09
1107,9.66,0.67
1108,11.57,2.82
1109,12.22,4.65
1110,9.56,6.01
1111,7.69,4.49
1112,5.17,2.3
1113,7.89,4.27
1114,7.15,5.34
1115,4.79,5.53
1116,7.26,5.07
1117,7.08,7.65
1118,5.07,8.9
1119,2.68,11.73
1120,3.12,12.07
1121,2.63,14.54
1122,2.02,16.08
1123,3.51,15.04
1124,1.45,12.12
1125,0.83,12.21
1126,-1.19,13.46
1127,-1.04,12.0
1128,0.79,14.31
1129,-0.31,12.44
1130,-1.73,11.46
1131,-3.09,10.76
1132,-2.08,9.61
1133,-0.5,11.61
1134,-1.07,10.22
1135,-2.11,7.68
1136,0.81,7.49
1137,-1.18,7.83
1138,-1.74,5.64
1139,-0.76,3.11
1140,-2.64,1.73
1141,0.03,1.66
1142,-0.15,3.58
1143,-1.75,4.97
1144,-4.69,4.36
1145,-4.59,2.92
1146,-3.13,5.77
1147,-2.09,3.83
1148,-0.37,4.39
1149,-3.12,3.71
1150,-4.71,2.67
1151,-7.03,4.48
1152,-6.76,2.58
1153,-6.34,2.18
1154,-3.66,2.92
1155,-2.01,2.69
1156,-3.54,3.52
1157,-0.98,3.97
1158,1.85,4.24
1159,2.44,3.36
1160,4.3,3.18
1161,6.07,2.11
1162,7.57,-0.66
1163,10.43,-2.16
1164,8.55,-3.51
1165,8.09,-6.03
1166,5.6,-8.8
1167,3.04,-9.9
1168,2.49,-12.69
1169,4.5,-13.12
1170,5.76,-15.16
1171,4.65,-14.21
1172,3.48,-14.13
1173,5.04,-16.5
1174,6.34,-14.34
1175,8.62,-15.41
1176,7.34,-13.03
1177,4.61,-10.17
1178,7.43,-11.63
1179,6.2,-14.24
1180,6.01,-13.2
1181,6.22,-14.41
1182,4.53,-16.64
1183,3.61,-15.8
1184,5.17,-15.02
1185,6.32,-16.34
1186,4.5,-19.14
1187,3.48,-18.67
1188,2.87,-19.62
1189,2.29,-17.89
1190,4.21,-17.57
1191,5.29,-16.98
1192,2.64,-14.37
1193,3.0,-14.76
1194,3.48,-16.71
1195,3.73,-16.23
1196,4.52,-16.37
1197,5.97,-14.32
1198,8.68,-14.38
1199,9.44,-15.65
1200,7.69,-16.66
1201,7.34,-18.78
1202,8.83,-16.86
1203,10.31,-16.03
1204,11.63,-17.99
1205,11.38,-17.46
1206,11.21,-15.43
1207,12.31,-16.16
1208,15.1,-13.91
1209,17.96,-16.72
1210,15.2,-17.01
1211,13.5,-19.17
1212,10.72,-18.75
1213,13.2,-20.06
1214,10.79,-18.79
1215,13.16,-16.85
1216,13.37,-16.4
1217,14.26,-19.11
1218,15.89,-20.53
1219,14.94,-19.64
1220,16.71,-21.89
1221,19.26,-24.08
1222,19.3,-24.88
1223,19.75,-27.19
1224,19.89,-27.36
1225,21.64,-29.59
1226,24.11,-26.67
1227,23.29,-29.64
1228,20.34,-30.4
1229,17.92,-28.3
1230,20.42,-26.8
1231,21.58,-26.35
1232,21.35,-27.0
1233,21.51,-27.06
1234,24.43,-28.39
1235,23.0,-27.26
1236,23.01,-26.02
1237,21.63,-23.46
1238,19.49,-22.08
1239,22.17,-20.05
1240,19.45,-20.72
1241,19.13,-22.07
1242,20.82,-19.65
1243,23.41,-21.1
1244,25.75,-21.56
1245,24.93,-23.39
1246,22.89,-23.85
1247,24.16,-22.63
1248,27.14,-24.22
1249,26.59,-24.57
1250,28.08,-26.06
1251,26.99,-25.11
1252,27.46,-24.9
1253,27.36,-25.56
1254,29.74,-28.41
1255,30,-28.41
1256,27.25,-28.12
1257,25.95,-25.73
1258,27.01,-25.47
1259,25.27,-26.16
1260,25.44,-28.11
1261,27.5,-26.68
1262,27.02,-25.29
1263,24.86,-27.25
1264,22.49,-28.99
1265,24.64,-30.22
1266,21.7,-31.53
1267,19.3,-33.7
1268,18.95,-32.57
1269,20.48,-33.79
1270,18.86,-33.14
1271,18.56,-36.0
1272,20.86,-37.04
1273,22.5,-37.67
1274,24.43,-37.78
1275,21.83,-37.66
1276,21.9,-39.47
1277,22.76,-39.02
1278,20.21,-39.23
1279,19.7,-41.81
1280,19.18,-40.03
1281,18.96,-42.61
1282,19.18,-40.7
1283,17.16,-42.06
1284,15.6,-41.44
1285,16.37,-39.7
1286,18.85,-41.1
1287,19.56,-38.35
1288,19.96,-41.25
1289,22.18,-43.58
1290,21.55,-43.04
1291,19.98,-43.68
1292,17.79,-41.95
1293,19.68,-42.61
1294,19.05,-44.16
1295,17.05,-41.4
1296,15.08,-40.91
1297,13.11,-41.1
1298,12.37,-41.05
1299,15.28,-39.13
1300,13.81,-40.77
1301,13.13,-39.68
1302,10.91,-38.41
1303,8.32,-35.9
1304,6.39,-34.03
1305,4.84,-31.62
1306,2.1,-33.5
1307,3.75,-36.23
1308,3.77,-36.14
1309,4.92,-38.17
1310,3.96,-37.27
1311,5.6,-36.71
1312,3.98,-39.06
1313,2.7,-39.15
1314,0.58,-41.24
1315,0.8,-39.72
1316,-2.01,-41.6
1317,-3.82,-41.75
1318,-2.78,-42.29
1319,-5.51,-42.57
1320,-2.71,-45.48
1321,-1.97,-47.02
1322,-4.04,-48.04
1323,-3.78,-46.25
1324,-4.67,-48.96
1325,-5.42,-47.98
1326,-7.04,-47.47
1327,-6.93,-48.65
1328,-4.06,-49.28
1329,-3.22,-47.18
1330,-3.46,-47.45
1331,-4.21,-44.99
1332,-2.71,-43.14
1333,-2.27,-42.97
1334,-1.05,-44.27
1335,0.58,-41.98
1336,2.39,-41.5
1337,0.73,-39.35
1338,0.81,-37.57
1339,1.04,-40.23
1340,0.31,-40.04
1341,-0.18,-39.45
1342,-1.43,-39.57
1343,-2.99,-40.74
1344,-2.68,-38.91
1345,-2.25,-40.36
1346,-1.46,-39.14
1347,0.41,-37.18
1348,1.77,-39.29
1349,4.27,-40.59
1350,3.9,-37.72
1351,5.7,-40.18
1352,4.29,-39.24
1353,1.6,-37.19
1354,3.62,-38.65
1355,1.07,-38.13
1356,-1.91,-40.1
1357,-0.64,-42.26
1358,1.85,-43.42
1359,4.78,-46.17
1360,2.86,-45.53
1361,5.17,-46.09
1362,7.28,-44.1
1363,6.95,-46.68
1364,9.92,-49.54
1365,11.46,-50
1366,10.87,-49.29
1367,11.48,-50
1368,10.64,-49.87
1369,7.94,-46.97
1370,9.71,-44.33
1371,10.27,-41.61
1372,11.09,-39.22
1373,13.24,-36.83
1374,10.95,-39.73
1375,10.0,-38.88
1376,12.22,-40.33
1377,15.19,-38.98
1378,14.0,-40.56
1379,12.18,-42.06
1380,13.1,-43.96
1381,13.52,-43.48
1382,10.75,-41.92
1383,10.27,-42.14
1384,12.17,-41.67
1385,9.6,-42.75
1386,8.31,-43.71
1387,10.15,-45.1
1388,7.31,-45.46
1389,7.94,-46.77
1390,8.07,-44.42
1391,8.86,-43.15
1392,9.19,-41.04
1393,6.2,-38.71
1394,8.67,-36.12
1395,6.65,-36.9
1396,7.33,-34.24
1397,8.18,-31.85
1398,10.74,-31.92
1399,11.47,-33.29
1400,11.21,-30.99
1401,9.64,-28.87
1402,9.82,-30.85
1403,12.19,-32.32
1404,14.35,-34.9
1405,12.88,-35.06
1406,11.94,-32.95
1407,9.55,-34.47
1408,10.51,-32.36
1409,12.32,-29.65
1410,15.13,-32.06
1411,14.93,-29.31
1412,13.72,-27.45
1413,16.44,-25.54
1414,18.8,-22.61
1415,18.29,-19.67
1416,18.41,-18.4
1417,18.02,-17.48
1418,16.17,-16.81
1419,15.35,-15.89
1420,18.05,-17.73
1421,17.79,-20.7
1422,18.62,-23.62
1423,20.9,-21.83
1424,22.4,-20.22
1425,21.3,-22.66
1426,20.73,-23.1
1427,19.53,-23.12
1428,16.6,-25.72
1429,16.68,-25.47
1430,18.71,-24.32
1431,21.37,-25.94
1432,23.89,-22.96
1433,23.39,-20.38
1434,23.12,-23.23
1435,22.01,-24.78
1436,19.97,-27.36
1437,18.58,-25.9
1438,15.82,-24.92
1439,18.02,-26.18
1440,15.96,-26.24
1441,14.14,-25.38
1442,15.93,-27.06
1443,15.8,-27.73
1444,15.53,-25.44
1445,14.48,-25.22
1446,17.2,-25.61
1447,18.19,-23.18
1448,19.37,-22.34
1449,18.31,-19.99
1450,20.94,-17.48
1451,18.71,-15.82
1452,20.85,-16.97
1453,18.84,-18.69
1454,20.21,-17.86
1455,19.71,-15.9
1456,18.98,-17.79
1457,17.34,-20.35
1458,15.3,-17.78
1459,18.05,-15.95
1460,17.35,-18.44
1461,15.18,-19.17
1462,14.72,-21.94
1463,13.16,-23.67
1464,13.36,-24.83
1465,16.17,-22.25
1466,15.78,-23.22
1467,16.41,-24.22
1468,13.42,-25.58
1469,12.61,-26.38
1470,9.86,-25.1
1471,7.11,-23.44
1472,5.65,-20.66
1473,3.48,-23.24
1474,0.51,-20.33
1475,-0.05,-20.52
1476,-0.09,-22.77
1477,1.48,-22.6
1478,1.71,-25.12
1479,-0.62,-24.06
1480,-2.16,-23.2
1481,-4.07,-23.49
1482,-3.86,-20.69
1483,-1.28,-21.54
1484,1.38,-20.92
1485,0.86,-20.95
1486,1.75,-22.8
1487,3.1,-25.06
1488,2.74,-22.51
1489,2.59,-19.78
1490,4.57,-18.44
1491,4.75,-20.03
1492,7.29,-22.16
1493,6.06,-22.43
1494,5.25,-22.09
1495,2.6,-22.88
1496,2.95,-22.27
1497,0.73,-21.3
1498,3.02,-22.04
1499,5.7,-20.24
1500,6.54,-18.22
1501,8.18,-16.22
1502,10.26,-15.41
1503,10.71,-15.03
1504,13.33,-13.05
1505,10.97,-13.72
1506,10.91,-16.25
1507,8.33,-15.3
1508,6.99,-16.51
1509,7.57,-14.9
1510,6.64,-14.84
1511,5.71,-13.24
1512,3.25,-15.81
1513,6.16,-16.91
1514,5.54,-14.57
1515,4.54,-13.64
1516,3.88,-10.98
1517,6.11,-13.1
1518,5.65,-10.24
1519,8.29,-9.7
1520,6.97,-10.81
1521,9.23,-11.58
1522,7.49,-11.47
1523,10.17,-12.45
1524,7.94,-9.84
1525,5.53,-11.39
1526,4.88,-13.58
1527,3.23,-12.96
1528,1.36,-12.8
1529,3.41,-12.77
1530,4.98,-10.89
1531,2.74,-9.77
1532,4.65,-12.36
1533,5.72,-14.6
1534,7.78,-11.68
1535,6.1,-10.65
1536,8.74,-8.93
1537,11.48,-8.71
1538,12.7,-7.68
1539,11.66,-8.09
1540,12.07,-10.86
1541,12.73,-9.6
1542,12.07,-7.43
1543,13.48,-6.13
1544,12.47,-6.05
1545,13.38,-5.8
1546,12.58,-3.11
1547,11.0,-2.39
1548,10.14,-5.21
1549,7.95,-3.94
1550,8.56,-4.95
1551,9.93,-5.13
1552,11.88,-2.8
1553,14.01,0.19
1554,12.73,1.73
1555,12.68,2.06
1556,14.76,3.09
1557,13.74,1.83
1558,14.14,-0.34
1559,14.67,2.64
1560,15.82,3.59
1561,16.81,5.65
1562,15.09,8.33
1563,12.34,8.73
1564,9.52,6.32
1565,11.84,4.33
1566,12.49,1.8
1567,11.17,2.48
1568,9.77,2.73
1569,11.26,4.2
1570,12.04,3.15
1571,12.85,1.72
1572,11.0,4.02
1573,12.01,3.76
1574,14.91,3.52
1575,16.94,6.31
1576,17.3,3.87
1577,18.26,4.16
1578,15.48,6.42
1579,15.21,5.56
1580,14.68,5.59
1581,12.25,7.71
1582,13.92,8.76
1583,14.97,8.03
1584,13.41,8.09
1585,13.69,6.82
1586,15.3,4.51
1587,14.08,5.44
1588,12.73,3.55
1589,15.38,3.01
1590,15.29,3.24
1591,17.84,2.38
1592,20.17,4.41
1593,19.04,2.22
1594,16.83,5.17
1595,17.26,6.0
1596,16.51,6.81
1597,19.1,5.15
1598,21.93,3.52
1599,20.79,5.64
1600,18.62,7.11
1601,16.91,4.26
1602,17.52,5.27
1603,19.02,3.66
1604,19.96,4.14
1605,18.48,4.79
1606,15.75,2.45
1607,17.34,1.47
1608,19.88,1.63
1609,19.28,4.18
1610,18.54,5.31
1611,19.71,4.33
1612,22.28,4.4
1613,25.21,3.16
1614,24.34,4.44
1615,25.9,6.05
1616,26.15,4.98
1617,23.94,6.41
1618,23.38,5.07
1619,25.21,6.99
1620,25.98,9.84
1621,27.49,8.69
1622,30,11.27
1623,27.86,8.61
1624,29.64,9.21
1625,30,11.25
1626,27.97,9.2
1627,27.22,11.16
1628,27.89,10.37
1629,28.8,10.21
1630,26.62,9.84
1631,29.38,12.23
1632,29.91,9.79
1633,29.4,11.14
1634,30,13.86
1635,28.86,16.29
1636,30,13.31
1637,30,14.09
1638,28.99,11.14
1639,26.15,11.98
1640,27.62,9.48
1641,28.46,8.91
1642,26.63,9.92
1643,28.03,7.29
1644,26.42,5.64
1645,23.68,5.54
1646,25.49,4.54
1647,27.11,5.27
1648,26.03,7.25
1649,26.41,4.26
1650,26.7,4.07
1651,27.96,4.23
1652,27.7,5.97
1653,25.46,8.73
1654,22.69,7.42
1655,23.07,5.96
1656,21.86,6.42
1657,22.92,7.29
1658,23.78,7.83
1659,24.53,9.95
1660,24.74,12.59
1661,21.91,9.82
1662,22.16,10.1
1663,20.09,9.62
1664,21.2,6.69
1665,21.52,4.62
1666,23.96,2.39
1667,21.88,4.8
1668,24.86,7.4
1669,25.9,9.2
1670,23.3,10.8
1671,21.93,7.85
1672,20.52,10.05
1673,22.39,12.4
1674,21.91,11.78
1675,19.57,14.77
1676,17.68,14.56
1677,16.53,11.86
1678,14.38,10.49
1679,15.71,11.27
1680,12.82,9.49
1681,14.82,12.21
1682,17.11,13.09
1683,19.27,13.1
1684,20.79,14.23
1685,22.11,12.38
1686,22.64,15.15
1687,24.99,17.26
1688,25.91,16.62
1689,28.6,18.8
1690,30,19.8
1691,30,22.17
1692,29.4,23.86
1693,28.37,22.6
1694,29.42,21.58
1695,28.03,20.55
1696,25.87,21.25
1697,24.41,18.46
1698,27.22,21.35
1699,28.1,22.48
1700,26.46,23.92
1701,28.55,21.92
1702,30,21.04
1703,30,19.99
1704,30,17.14
1705,30,14.9
1706,29.02,12.43
1707,28.77,14.85
1708,30,14.47
1709,30,11.95
1710,27.66,11.75
1711,27.52,13.75
1712,30,14.5
1713,28.39,12.33
1714,26.41,10.92
1715,28.84,9.14
1716,26.57,6.92
1717,25.16,5.38
1718,25.08,5.55
1719,27.01,8.29
1720,28.67,5.46
1721,27.47,2.68
1722,28.91,0.4
1723,30,0.51
1724,30,2.53
1725,28.88,3.87
1726,29.16,5.39
1727,27.28,2.43
1728,25.91,3.91
1729,23.98,4.71
1730,21.05,3.75
1731,18.06,6.56
1732,16.98,8.32
1733,14.16,10.38
1734,16.96,9.48
1735,17.73,11.97
1736,16.49,10.71
1737,17.64,10.16
1738,14.89,11.92
1739,17.09,9.26
1740,16.14,8.7
1741,17.86,6.04
1742,15.82,8.28
1743,18.34,6.87
1744,17.03,5.69
1745,14.57,8.19
1746,14.18,6.44
1747,14.6,7.22
1748,15.4,9.49
1749,16.99,12.2
1750,17.88,13.47
1751,16.57,14.12
1752,15.12,14.0
1753,16.25,16.65
1754,18.76,17.68
1755,16.79,16.2
1756,15.22,17.16
1757,13.27,17.74
1758,14.8,19.12
1759,12.52,19.17
1760,9.61,21.44
1761,11.96,22.41
1762,9.11,19.62
1763,10.14,18.92
1764,10.87,17.17
1765,10.56,18.17
1766,8.6,17.87
1767,9.99,20.05
1768,10.34,19.22
1769,10.31,18.39
1770,9.04,18.47
1771,6.9,16.77
1772,6.3,14.08
1773,4.22,17.02
1774,7.11,14.06
1775,7.12,16.01
1776,6.02,16.85
1777,3.44,16.9
1778,3.1,17.72
1779,0.65,15.45
1780,2.97,13.98
1781,0.96,13.4
1782,3.51,13.13
1783,2.2,13.5
1784,0.58,10.72
1785,0.26,8.38
1786,1.54,7.42
1787,3.0,5.88
1788,5.72,6.01
1789,5.75,5.0
1790,7.0,2.23
1791,8.96,-0.74
1792,7.97,-2.32
1793,5.71,-0.76
1794,4.6,1.21
1795,2.33,0.7
1796,4.74,2.45
1797,4.56,1.87
1798,1.64,0.83
1799,2.63,2.96
1800,2.95,1.95
1801,4.36,-0.53
1802,2.41,-1.48
1803,-0.15,-4.01
1804,-1.58,-5.34
1805,0.63,-7.25
1806,-1.75,-6.28
1807,0.89,-8.48
1808,-1.68,-10.68
1809,-0.73,-8.92
1810,-1.51,-11.18
1811,-1.03,-11.41
1812,-2.89,-12.74
1813,-3.79,-9.78
1814,-2.14,-7.03
1815,-4.15,-4.28
1816,-3.29,-2.52
1817,-2.03,-4.67
1818,0.64,-5.7
1819,0.22,-4.22
1820,2.21,-6.93
1821,2.93,-7.04
1822,5.14,-4.46
1823,7.59,-2.93
1824,7.69,-4.82
1825,5.43,-2.94
1826,8.24,-2.43
1827,6.56,-3.98
1828,6.5,-4.35
1829,3.59,-1.43
1830,0.91,-0.29
1831,1.85,-2.63
1832,0.94,-4.69
1833,1.78,-6.53
1834,4.72,-9.25
1835,7.26,-8.08
1836,4.71,-5.88
1837,3.54,-3.99
1838,1.14,-6.57
1839,0.33,-3.99
1840,-0.2,-6.69
1841,2.24,-4.67
1842,-0.41,-6.98
1843,-2.93,-8.55
1844,-3.44,-6.85
1845,-0.78,-7.01
1846,-1.47,-7.21
1847,-0.82,-7.19
1848,-3.0,-8.99
1849,-4.75,-10.85
1850,-3.2,-12.52
1851,-0.87,-11.5
1852,-0.79,-8.62
1853,-3.31,-7.68
1854,-3.48,-7.65
1855,-5.28,-9.57
1856,-3.56,-7.17
1857,-5.28,-4.59
1858,-3.77,-5.66
1859,-4.25,-7.33
1860,-2.54,-7.25
1861,-2.63,-10.15
1862,-0.55,-11.14
1863,0.33,-13.83
1864,-1.96,-12.23
1865,-2.16,-13.14
1866,-2.09,-14.35
1867,-0.57,-11.5
1868,-3.49,-10.73
1869,-4.32,-12.01
1870,-3.76,-10.03
1871,-3.54,-8.05
1872,-4.61,-5.92
1873,-4.16,-7.29
1874,-6.85,-6.13
1875,-9.56,-7.89
1876,-11.26,-7.96
1877,-11.5,-10.92
1878,-13.54,-12.65
1879,-12.97,-15.56
1880,-15.96,-14.91
1881,-18.81,-14.71
1882,-16.55,-17.38
1883,-14.82,-16.84
1884,-13.57,-17.66
1885,-12.13,-15.92
1886,-13.29,-18.16
1887,-12.46,-17.94
1888,-13.89,-16.21
1889,-12.56,-16.35
1890,-10.12,-19.05
1891,-12.05,-19.0
1892,-9.06,-18.17
1893,-6.45,-17.08
1894,-6.4,-14.68
1895,-9.29,-15.26
1896,-11.14,-17.43
1897,-9.3,-19.31
1898,-6.94,-16.79
1899,-4.64,-14.87
1900,-6.34,-13.61
1901,-7.05,-14.63
1902,-8.88,-12.47
1903,-8.49,-10.75
1904,-9.22,-10.17
1905,-11.83,-9.1
1906,-12.64,-7.71
1907,-12.37,-7.33
1908,-15.31,-9.02
1909,-14.85,-10.74
1910,-13.05,-12.41
1911,-12.28,-15.28
1912,-11.78,-14.38
1913,-13.29,-15.56
1914,-12.31,-12.88
1915,-11.2,-13.1
1916,-13.71,-14.24
1917,-11.8,-16.69
1918,-11.25,-16.54
1919,-13.92,-15.84
1920,-15.93,-16.59
1921,-12.95,-16.03
1922,-13.13,-16.59
1923,-10.49,-16.62
1924,-13.3,-18.38
1925,-15.69,-15.91
1926,-13.54,-18.33
1927,-13.26,-17.35
1928,-16.19,-18.33
1929,-17.85,-16.7
1930,-19.5,-14.72
1931,-20.49,-16.01
1932,-19.33,-18.9
1933,-16.47,-19.45
1934,-16.3,-16.86
1935,-13.9,-18.02
1936,-12.01,-18.94
1937,-11.66,-21.44
1938,-12.63,-22.67
1939,-15.35,-23.83
1940,-13.1,-25.37
1941,-13.57,-25.09
1942,-14.24,-27.63
1943,-16.61,-24.83
1944,-18.08,-27.01
1945,-20.24,-27.9
1946,-20.1,-29.75
1947,-19.45,-30.99
1948,-17.12,-31.57
1949,-17.82,-29.63
1950,-20.68,-28.93
1951,-20.32,-30.89
1952,-18.51,-31.23
1953,-19.06,-28.44
1954,-20.8,-30.39
1955,-22.55,-27.89
1956,-24.09,-26.39
1957,-25.17,-26.86
1958,-23.8,-27.26
1959,-22.8,-28.25
1960,-24.62,-30.72
1961,-25.88,-31.33
1962,-24.12,-28.6
1963,-22.09,-27.05
1964,-21.57,-29.49
1965,-22.15,-31.94
1966,-22.5,-29.82
1967,-20.35,-31.0
1968,-19.86,-33.08
1969,-18.06,-34.87
1970,-20.7,-36.95
1971,-17.73,-39.28
1972,-17.41,-39.51
1973,-16.91,-39.6
1974,-14.16,-42.37
1975,-16.79,-42.13
1976,-16.18,-41.97
1977,-14.93,-41.7
1978,-13.24,-44.54
1979,-14.08,-43.11
1980,-14.22,-40.62
1981,-16.91,-42.15
1982,-19.54,-45.13
1983,-22.12,-47.55
1984,-24.4,-49.33
1985,-25.1,-47.72
1986,-22.66,-48.44
1987,-20.6,-50
1988,-22.0,-48.57
1989,-21.86,-50
1990,-24.12,-50
1991,-26.26,-48.19
1992,-24.18,-50
1993,-22.48,-50
1994,-24.05,-47.82
1995,-22.37,-50
1996,-19.65,-49.87
1997,-20.94,-50
1998,-18.22,-50
1999,-17.56,-50
2000,-17.83,-48.71
2001,-20.31,-50
2002,-18.33,-50
2003,-20.74,-48.78
2004,-21.7,-50
2005,-23.18,-49.03
2006,-22.32,-50
2007,-22.55,-47.03
2008,-23.68,-47.5
2009,-21.02,-46.69
2010,-23.11,-45.26
2011,-22.34,-43.34
2012,-23.24,-44.99
2013,-20.58,-42.69
2014,-20.81,-41.91
2015,-18.01,-43.05
2016,-18.45,-42.31
2017,-20.57,-41.58
2018,-23.18,-39.9
2019,-25.83,-39.82
2020,-23.71,-39.88
2021,-22.33,-42.17
2022,-21.39,-43.97
2023,-20.94,-44.49
2024,-18.4,-47.31
2025,-18.56,-47.96
2026,-18.21,-50
2027,-20.72,-50
2028,-22.49,-47.05
2029,-22.4,-46.38
2030,-23.27,-44.48
2031,-25.05,-42.06
2032,-23.51,-42.95
2033,-25.82,-45.47
2034,-26.81,-42.69
2035,-28.6,-40.07
2036,-30,-39.62
2037,-30,-41.62
2038,-29.54,-44.14
2039,-30,-46.26
2040,-28.19,-47.07
2041,-26.06,-48.07
2042,-27.68,-46.65
2043,-25.43,-48.37
2044,-28.07,-47.79
2045,-30,-46.1
2046,-30,-47.46
2047,-30,-45.44
2048,-28.41,-46.67
2049,-27.13,-44.83
2050,-29.37,-46.14
2051,-30,-43.57
2052,-27.93,-42.46
2053,-26.07,-41.89
2054,-28.25,-39.51
2055,-30,-39.17
2056,-28.17,-36.64
2057,-29.48,-35.72
2058,-30,-38.02
2059,-28.49,-35.18
2060,-27.89,-33.07
2061,-28.01,-33.33
2062,-26.06,-33.88
2063,-25.15,-33.71
2064,-25.07,-36.55
2065,-23.64,-36.47
2066,-21.27,-35.04
2067,-18.41,-32.16
2068,-18.19,-29.69
2069,-15.57,-28.49
2070,-14.04,-27.24
2071,-13.94,-25.98
2072,-16.93,-25.34
2073,-19.1,-24.78
2074,-21.66,-22.52
2075,-20.64,-25.13
2076,-19.42,-23.08
2077,-18.8,-25.72
2078,-21.2,-27.32
2079,-21.32,-29.67
2080,-18.88,-32.01
2081,-19.26,-29.1
2082,-19.0,-31.77
2083,-20.55,-34.51
2084,-21.16,-37.47
2085,-22.05,-37.73
2086,-25.03,-35.25
2087,-23.06,-37.02
2088,-25.92,-37.02
2089,-28.18,-39.44
2090,-29.67,-40.06
2091,-26.9,-37.34
2092,-29.88,-34.85
2093,-30,-37.18
2094,-28.72,-38.64
2095,-27.27,-40.06
2096,-27.45,-41.98
2097,-28.83,-43.13
2098,-26.44,-45.09
2099,-27.81,-46.49
2100,-28.23,-45.13
2101,-26.78,-42.34
2102,-24.54,-44.53
2103,-23.4,-41.99
2104,-25.8,-44.97
2105,-24.14,-43.44
2106,-22.02,-45.14
2107,-21.41,-46.32
2108,-23.75,-45.47
2109,-26.33,-43.59
2110,-25.04,-46.14
2111,-24.09,-47.63
2112,-21.38,-44.67
2113,-20.31,-43.42
2114,-21.42,-42.75
2115,-20.44,-42.19
2116,-20.12,-45.06
2117,-21.15,-46.1
2118,-23.56,-43.68
2119,-24.48,-40.76
2120,-27.41,-42.49
2121,-28.71,-43.62
2122,-26.49,-43.8
2123,-23.76,-46.16
2124,-25.1,-45.73
2125,-23.83,-45.11
2126,-22.69,-42.92
2127,-21.63,-41.05
2128,-19.78,-39.43
2129,-21.7,-41.86
2130,-19.8,-39.55
2131,-17.01,-39.6
2132,-15.75,-36.88
2133,-14.67,-39.55
2134,-14.65,-42.12
2135,-14.0,-43.93
2136,-15.79,-44.2
2137,-16.31,-44.33
2138,-13.4,-43.76
2139,-11.65,-42.77
2140,-12.17,-42.65
2141,-14.3,-40.08
2142,-12.36,-37.55
2143,-11.93,-35.71
2144,-13.2,-34.29
2145,-15.51,-31.63
2146,-15.15,-34.63
2147,-18.03,-32.26
2148,-19.14,-32.47
2149,-22.11,-29.54
2150,-21.14,-31.31
2151,-24.11,-32.88
2152,-25.35,-29.94
2153,-22.35,-32.02
2154,-22.19,-31.23
2155,-22.88,-32.27
2156,-20.66,-29.58
2157,-19.74,-30.68
2158,-18.68,-27.78
2159,-17.86,-26.91
2160,-18.98,-24.85
2161,-18.86,-22.63
2162,-20.96,-23.53
2163,-19.92,-22.57
2164,-18.09,-22.42
2165,-16.97,-23.21
2166,-17.54,-25.7
2167,-20.05,-27.83
2168,-23.04,-27.13
2169,-23.14,-24.44
2170,-22.16,-25.96
2171,-19.77,-23.89
2172,-22.21,-25.44
2173,-25.05,-25.62
2174,-23.13,-25.03
2175,-22.18,-22.32
2176,-20.32,-21.83
2177,-17.79,-21.48
2178,-15.32,-23.72
2179,-16.56,-25.83
2180,-13.94,-27.83
2181,-14.27,-28.91
2182,-14.66,-29.51
2183,-15.75,-28.12
2184,-16.2,-26.31
2185,-18.86,-24.95
2186,-19.86,-23.74
2187,-22.8,-22.35
2188,-22.9,-25.27
2189,-21.14,-26.3
2190,-22.24,-24.36
2191,-24.23,-26.18
2192,-22.46,-27.31
2193,-20.06,-29.38
2194,-20.88,-28.39
2195,-19.1,-26.42
2196,-17.55,-26.1
2197,-16.64,-27.01
2198,-18.13,-28.64
2199,-17.87,-30.66
2200,-14.87,-33.22
2201,-12.17,-34.1
2202,-11.46,-34.85
2203,-12.94,-32.02
2204,-14.54,-33.14
2205,-12.94,-34.98
2206,-11.54,-35.31
2207,-13.43,-35.72
2208,-15.61,-32.77
2209,-12.91,-33.65
2210,-13.14,-31.25
2211,-13.7,-30.45
2212,-13.96,-28.08
2213,-10.99,-29.04
2214,-8.73,-27.42
2215,-9.2,-25.98
2216,-9.3,-28.2
2217,-12.13,-29.27
2218,-9.29,-26.76
2219,-8.86,-25.59
2220,-9.16,-27.18
2221,-7.08,-29.85
2222,-9.9,-32.29
2223,-10.0,-35.19
2224,-8.52,-35.42
2225,-5.59,-33.85
2226,-3.14,-35.05
2227,-3.57,-32.92
2228,-0.75,-31.04
2229,-2.81,-29.42
2230,-5.18,-27.31
2231,-5.3,-25.75
2232,-2.62,-27.25
2233,-4.95,-28.77
2234,-2.57,-26.9
2235,0.37,-26.08
2236,-1.11,-23.59
2237,-1.34,-21.38
2238,0.38,-22.14
2239,1.33,-22.91
2240,-0.35,-24.26
2241,-3.31,-21.84
2242,-1.94,-23.25
2243,-4.48,-22.01
2244,-1.71,-24.66
2245,-2.67,-26.43
2246,-2.3,-25.93
2247,-3.06,-24.17
2248,-0.33,-24.85
2249,0.81,-26.27
2250,-0.5,-26.68
2251,-3.24,-29.2
2252,-6.01,-29.79
2253,-4.87,-28.39
2254,-3.26,-30.42
2255,-6.11,-27.84
2256,-4.35,-27.89
2257,-6.54,-30.2
2258,-4.49,-28.85
2259,-6.29,-31.53
2260,-6.1,-28.95
2261,-5.72,-30.72
2262,-4.98,-28.14
2263,-7.73,-30.68
2264,-7.92,-33.17
2265,-6.59,-35.17
2266,-8.38,-33.72
2267,-7.4,-31.3
2268,-9.53,-31.16
2269,-11.9,-33.32
2270,-14.71,-31.4
2271,-15.0,-30.26
2272,-15.09,-28.96
2273,-12.9,-28.95
2274,-11.99,-31.34
2275,-9.31,-33.14
2276,-10.63,-33.53
2277,-9.33,-34.28
2278,-8.28,-35.5
2279,-9.53,-38.12
2280,-7.28,-36.41
2281,-6.24,-36.1
2282,-6.36,-38.55
2283,-4.96,-40.44
2284,-4.25,-41.72
2285,-3.08,-41.06
2286,-4.9,-42.37
2287,-5.02,-40.12
2288,-2.49,-39.01
2289,-4.98,-40.73
2290,-5.4,-39.1
2291,-5.26,-37.73
2292,-6.3,-37.22
2293,-8.69,-37.99
2294,-5.75,-36.95
2295,-6.2,-39.83
2296,-4.61,-37.21
2297,-3.27,-34.56
2298,-1.26,-32.81
2299,1.23,-30.24
2300,1.99,-33.02
2301,-0.4,-30.26
2302,2.34,-28.93
2303,3.51,-28.88
2304,2.4,-31.39
2305,2.4,-32.8
2306,0.93,-30.89
2307,3.79,-31.84
2308,1.03,-34.21
2309,-0.8,-36.95
2310,1.01,-35.43
2311,-1.94,-37.43
2312,-3.81,-38.99
2313,-3.62,-37.19
2314,-2.9,-37.34
2315,-3.13,-34.66
2316,-5.11,-33.9
2317,-4.5,-33.02
2318,-4.74,-35.33
2319,-3.8,-34.12
2320,-5.62,-33.84
2321,-8.45,-32.36
2322,-7.19,-33.19
2323,-7.45,-31.64
2324,-6.65,-32.99
2325,-4.33,-32.38
2326,-7.28,-31.91
2327,-8.12,-31.73
2328,-9.1,-29.07
2329,-8.06,-27.07
2330,-7.06,-29.52
2331,-4.62,-27.32
2332,-2.62,-29.28
2333,-3.34,-30.3
2334,-4.52,-31.08
2335,-4.48,-29.62
2336,-5.31,-31.8
2337,-6.24,-32.06
2338,-7.65,-33.25
2339,-8.46,-33.64
2340,-5.65,-33.99
2341,-2.96,-35.54
2342,-3.03,-35.03
2343,-1.58,-32.4
2344,-3.9,-29.64
2345,-2.23,-31.27
2346,0.26,-29.58
2347,-1.75,-29.61
2348,1.05,-29.45
2349,0.52,-31.49
2350,-1.56,-32.15
2351,-1.47,-29.8
2352,-0.82,-28.84
2353,-1.17,-29.21
2354,-2.33,-26.87
2355,-1.19,-28.7
2356,-1.66,-28.24
2357,-1.31,-31.06
2358,-3.26,-31.09
2359,-5.85,-33.28
2360,-8.83,-34.45
2361,-6.05,-32.7
2362,-6.14,-32.35
2363,-6.81,-33.78
2364,-4.58,-33.36
2365,-7.11,-34.9
2366,-8.53,-36.45
2367,-10.96,-35.15
2368,-9.38,-37.9
2369,-8.2,-37.57
2370,-9.61,-34.59
2371,-9.86,-35.35
2372,-10.12,-34.77
2373,-9.23,-35.29
2374,-9.74,-37.88
2375,-12.28,-39.76
2376,-13.57,-38.51
2377,-14.78,-36.09
2378,-13.46,-33.79
2379,-10.68,-36.09
2380,-10.87,-34.66
2381,-12.04,-31.97
2382,-12.57,-34.94
2383,-12.54,-36.28
2384,-11.18,-34.54
2385,-12.38,-37.37
2386,-13.07,-39.55
2387,-13.66,-38.2
2388,-12.06,-40.86
2389,-10.42,-38.27
2390,-10.25,-36.06
2391,-12.74,-35.58
2392,-14.56,-32.82
2393,-16.74,-31.23
2394,-16.05,-29.78
2395,-15.2,-32.08
2396,-14.0,-31.54
2397,-14.71,-32.15
2398,-16.49,-35.09
2399,-18.12,-36.14
2400,-19.94,-36.11
2401,-20.85,-33.44
2402,-20.02,-31.69
2403,-21.48,-29.11
2404,-21.13,-28.88
2405,-24.09,-30.37
2406,-26.89,-30.93
2407,-29.09,-30.56
2408,-27.24,-29.93
2409,-29.49,-32.79
2410,-30,-31.1
2411,-30,-29.24
2412,-30,-30.52
2413,-30,-31.32
2414,-27.42,-32.03
2415,-25.65,-30.73
2416,-26.9,-27.91
2417,-24.82,-30.9
2418,-24.69,-31.23
2419,-25.68,-33.52
2420,-24.75,-34.31
2421,-25.82,-32.75
2422,-24.15,-34.0
2423,-21.87,-34.07
2424,-20.12,-34.99
2425,-18.92,-33.4
2426,-20.22,-32.22
2427,-20.85,-29.61
2428,-21.34,-27.17
2429,-22.26,-25.65
2430,-20.35,-26.75
2431,-23.14,-24.26
2432,-23.37,-26.03
2433,-22.6,-27.21
2434,-23.32,-29.85
2435,-24.72,-28.58
2436,-26.94,-25.74
2437,-26.92,-27.07
2438,-29.08,-28.31
2439,-30,-30.99
2440,-27.42,-33.71
2441,-27.4,-32.98
2442,-24.64,-33.54
2443,-24.5,-31.11
2444,-23.87,-28.71
2445,-23.1,-28.65
2446,-21.66,-28.93
2447,-21.24,-29.83
2448,-19.46,-27.21
2449,-18.03,-29.42
2450,-17.63,-28.77
2451,-15.44,-28.36
2452,-15.41,-29.01
2453,-16.54,-26.51
2454,-16.26,-23.65
2455,-16.45,-26.32
2456,-13.75,-28.48
2457,-11.44,-30.58
2458,-11.37,-33.52
2459,-10.23,-36.11
2460,-8.39,-37.21
2461,-11.08,-38.72
2462,-10.62,-37.99
2463,-13.18,-40.83
2464,-14.29,-38.19
2465,-16.8,-37.57
2466,-13.9,-40.12
2467,-14.29,-37.56
2468,-15.73,-35.61
2469,-17.07,-37.73
2470,-15.48,-36.88
2471,-14.23,-35.82
2472,-12.44,-35.77
2473,-11.55,-34.7
2474,-12.73,-32.41
2475,-14.96,-32.17
2476,-16.37,-31.92
2477,-14.64,-31.0
2478,-17.03,-29.97
2479,-19.68,-31.46
2480,-17.71,-33.56
2481,-19.12,-33.0
2482,-19.9,-31.06
2483,-18.64,-33.42
2484,-16.69,-32.6
2485,-16.1,-34.74
2486,-16.13,-32.02
2487,-18.15,-32.5
2488,-19.68,-33.69
2489,-18.64,-33.98
2490,-21.23,-33.65
2491,-21.81,-35.42
2492,-23.85,-34.02
2493,-23.39,-31.89
2494,-21.35,-30.11
2495,-21.24,-33.11
2496,-20.42,-35.38
2497,-19.72,-34.0
2498,-17.6,-36.35
2499,-15.83,-35.72
2500,-18.22,-33.31
2501,-16.05,-32.95
2502,-15.11,-32.61
2503,-12.96,-33.56
2504,-11.85,-33.88
2505,-8.85,-32.95
2506,-8.05,-30.05
2507,-9.36,-27.3
2508,-8.16,-29.02
2509,-7.06,-30.84
2510,-5.9,-30.37
2511,-7.99,-31.67
2512,-8.43,-30.88
2513,-11.01,-28.61
2514,-12.93,-28.59
2515,-10.24,-26.02
2516,-9.22,-24.39
2517,-6.91,-24.64
2518,-5.95,-24.84
2519,-6.12,-27.52
2520,-6.6,-24.54
2521,-8.48,-26.11
2522,-5.65,-26.84
2523,-4.55,-29.16
2524,-3.3,-31.63
2525,-5.35,-28.71
2526,-5.86,-26.13
2527,-3.83,-26.64
2528,-1.11,-26.65
2529,1.8,-25.26
2530,-0.65,-24.68
2531,-2.96,-26.56
2532,-2.23,-29.11
2533,-3.02,-26.79
2534,-1.42,-28.26
2535,-1.38,-29.79
2536,-1.37,-32.7
2537,1.07,-31.8
2538,1.74,-33.34
2539,2.63,-34.98
2540,0.56,-36.89
2541,-1.1,-34.5
2542,-0.49,-34.59
2543,-2.61,-36.28
2544,0.25,-35.19
2545,-2.32,-34.72
2546,0.12,-35.56
2547,1.35,-33.56
2548,1.25,-32.72
2549,3.76,-33.0
2550,1.15,-30.24
2551,0.96,-27.28
2552,-0.69,-24.81
2553,-0.91,-22.67
2554,-0.57,-21.31
2555,1.01,-20.95
2556,2.73,-20.5
2557,1.26,-23.04
2558,-0.91,-23.15
2559,0.11,-24.17
2560,-2.05,-23.31
2561,-3.19,-25.1
2562,-1.92,-27.9
2563,-1.49,-28.04
2564,0.14,-26.52
2565,-1.81,-28.22
2566,-3.2,-28.34
2567,-1.92,-28.14
2568,-3.29,-27.22
2569,-3.2,-26.49
2570,-1.92,-24.24
2571,0.65,-22.43
2572,-0.66,-24.37
2573,0.74,-22.42
2574,-1.27,-24.15
2575,-0.48,-23.95
2576,-3.06,-24.3
2577,-2.04,-25.9
2578,-0.06,-25.39
2579,-2.69,-25.14
2580,-1.96,-24.83
2581,-2.36,-27.69
2582,-0.69,-27.06
2583,2.2,-25.64
2584,1.41,-23.86
2585,1.77,-23.93
2586,4.49,-24.85
2587,4.15,-23.38
2588,3.55,-22.54
2589,2.01,-19.78
2590,3.77,-18.07
2591,4.52,-17.88
2592,5.31,-18.13
2593,6.98,-20.8
2594,5.31,-21.26
2595,6.64,-21.53
2596,5.42,-21.24
2597,7.92,-20.25
2598,8.95,-18.02
2599,9.08,-19.74
2600,12.02,-18.41
2601,9.1,-21.02
2602,8.65,-21.15
2603,10.09,-20.61
2604,12.2,-22.36
2605,9.99,-21.32
2606,9.33,-18.83
2607,9.44,-17.03
2608,12.14,-16.07
2609,10.54,-18.56
2610,8.72,-18.31
2611,10.44,-18.69
2612,9.13,-20.81
2613,10.32,-22.41
2614,8.88,-20.42
2615,8.14,-18.42
2616,6.65,-20.86
2617,9.64,-23.09
2618,7.31,-23.37
2619,7.8,-22.49
2620,5.03,-21.68
2621,7.15,-20.09
2622,7.13,-22.73
2623,4.66,-21.4
2624,4.3,-18.89
2625,3.7,-21.5
2626,6.27,-20.23
2627,5.53,-20.7
2628,7.24,-18.23
2629,5.0,-16.01
2630,2.34,-14.57
2631,0.15,-11.99
2632,-0.2,-10.95
2633,2.5,-9.8
2634,1.25,-11.95
2635,3.87,-10.88
2636,4.91,-13.16
2637,7.12,-15.93
2638,4.78,-15.61
2639,4.26,-15.59
2640,6.05,-16.05
2641,8.83,-15.87
2642,9.26,-17.34
2643,11.54,-15.04
2644,9.65,-16.92
2645,10.99,-18.63
2646,10.05,-16.84
2647,9.01,-15.46
2648,10.75,-15.35
2649,11.97,-18.31
2650,9.57,-16.27
2651,11.53,-17.29
2652,11.67,-17.75
2653,14.48,-17.92
2654,14.53,-15.11
2655,13.24,-13.48
2656,10.81,-11.95
2657,13.0,-12.05
2658,15.43,-14.58
2659,14.77,-14.4
2660,14.29,-13.19
2661,15.65,-11.42
2662,16.1,-9.46
2663,18.69,-7.52
2664,19.58,-5.23
2665,21.3,-4.62
2666,24.01,-3.78
2667,24.56,-3.12
2668,26.79,-0.39
2669,26.79,2.24
2670,27.63,0.16
2671,29.1,-1.78
2672,28.5,-4.34
2673,25.8,-1.6
2674,28.8,-1.59
2675,30,-1.31
2676,30,-0.16
2677,27.02,2.61
2678,24.75,-0.02
2679,26.58,2.97
2680,27.65,4.11
2681,26.8,6.28
2682,27.27,6.43
2683,28.63,6.76
2684,28.22,7.47
2685,26.88,5.14
2686,26.85,6.06
2687,23.86,6.87
2688,25.33,4.41
2689,23.02,4.96
2690,20.52,4.9
2691,21.88,3.69
2692,22.11,1.97
2693,19.84,4.48
2694,21.01,2.59
2695,19.89,4.12
2696,20.22,6.95
2697,21.37,4.15
2698,24.26,6.74
2699,21.28,6.51
2700,21.72,8.78
